id,Q1_information,Q2_scope,Q3_valid,domain,step,q1_reason_zh,q2_reason_zh,q3_reason_zh,review_note_zh,source_line,policy_reference
A01,no,no,yes,appworld,6,计数使用已读笔记内容，不引入新事实。,按行筛选已完成标记并计数，是一次局部计算。,只统计以 [x] 开头的活动，排除标题中的 [x]，得到 6。,,11,audit_items.md 本项可见 API/上下文
A02,no,no,yes,appworld,12,new_playlist_id、liked_songs 和访问令牌均已获得。,删除歌单、重建歌单和批量加歌包含多个可分开的写入阶段。,按“逐首点赞的歌曲”理解任务，可把刚建的歌单重建为已知 liked_songs。,需复核任务中三类 library 的含义。step 10 仅创建了空歌单，Oracle 理由称已加歌不符历史；删除重建非必要。,353,audit_items.md 本项可见 API/上下文
A03,no,no,yes,appworld,5,只使用已知笔记。,一次本地筛选和计数。,把 [x] 和 [ ] 都计入，得到全部 10 项，不能回答已完成活动数。,Oracle 的解释不能抵消纠正代码本身的计数错误。,1437,audit_items.md 本项可见 API/上下文
A04,no,no,yes,tau2_airline,2,UM3OG5 已在用户资料的 reservations 中出现。,一次预订详情查询。,可以用已知预订号查详情，不必再次向用户索要。,,1678,https://raw.githubusercontent.com/sierra-research/tau2-bench/main/data/tau2/domains/airline/policy.md
A05,no,no,no,tau2_retail,6,替换商品 ID 和价格均来自已读商品详情。,一次订单商品修改调用。,用户确认的是工具套装 5012998807；纠正却改为 2882812427，连同差价一起变化，需重新确认。,Oracle 理由提到的另一 SKU 与实际纠正也不一致。,1725,https://raw.githubusercontent.com/sierra-research/tau2-bench/main/data/tau2/domains/retail/policy.md
A06,no,no,no,tau2_retail,9,新旧相机 ID 均在已读结果中。,一次商品修改调用。,用户明确选择银色 6117189161，纠正改为黑色 6700049080，违背最近确认。,,1855,https://raw.githubusercontent.com/sierra-research/tau2-bench/main/data/tau2/domains/retail/policy.md
A07,no,no,yes,tau2_retail,3,W4967593 已在账户订单列表中。,一次订单详情查询。,为定位目标订单读取已知订单详情合理。,,1990,https://raw.githubusercontent.com/sierra-research/tau2-bench/main/data/tau2/domains/retail/policy.md
A08,no,no,yes,tau2_retail,11,订单号已知，取消原因是政策允许的枚举值，不是新获取的事实。,一次取消调用。,用户最近确认 ordered by mistake，纠正提交 no longer needed，原因不符。,Q1=no 不表示该原因符合用户意愿；这由 Q3 判定。,2038,https://raw.githubusercontent.com/sierra-research/tau2-bench/main/data/tau2/domains/retail/policy.md
A09,no,no,yes,tau2_retail,7,W9284598 及取消原因都已获得。,一次取消调用。,用户已确认取消及 no longer needed 原因，可执行。,step 3 已显示付款金额 3930.54，Oracle 所称退款信息不可见并不成立。,2163,https://raw.githubusercontent.com/sierra-research/tau2-bench/main/data/tau2/domains/retail/policy.md
A10,no,no,no,tau2_airline,5,四段航班号和日期都来自已查预订。,在同一纠正中调用四次 get_flight_status。,核实过去航段的状态是合理方向，但按 tau2 单轮单工具规则须拆成四步。,依赖公开上游政策的单轮单工具规则；附件未注明具体政策版本。,2256,https://raw.githubusercontent.com/sierra-research/tau2-bench/main/data/tau2/domains/airline/policy.md
A11,no,no,yes,tau2_retail,6,两个耳机 SKU 均已知。,一次商品修改调用。,用户最近确认 8555936349（8 小时），纠正换成 1646531091（6 小时），未经确认。,不能用更早的概括性偏好覆盖最近的具体确认。,2390,https://raw.githubusercontent.com/sierra-research/tau2-bench/main/data/tau2/domains/retail/policy.md
A12,no,no,yes,appworld,10,三个 library 接口名称已见于 API 列表，可查其文档。,同一代码单元集中查看三个相关接口的说明，按一次接口核对计。,只读文档能帮助厘清 library 与 liked 的区别，可作为下一步。,只判纠正动作；Oracle 理由对歌曲范围的概括不作为已证事实。,2501,audit_items.md 本项可见 API/上下文
A13,no,no,yes,tau2_airline,7,生日、航班、票价、支付凭证和保险/行李选择均已提供。,一次订票调用。,用户已允许使用账户生日并确认两人 348 美元、凭证余额作废等细节，可订票。,,3445,https://raw.githubusercontent.com/sierra-research/tau2-bench/main/data/tau2/domains/airline/policy.md
A14,no,no,yes,appworld,7,create_note 为已知接口，参数可从文档查询。,一次 API 文档查询。,可先核对 pinned 参数及默认值，再修复刚创建的笔记。,这一步尚未完成修复，但 Q3 不要求单步完成整个任务。,3623,audit_items.md 本项可见 API/上下文
A15,no,yes,yes,appworld,29,邮箱已提供，密码由获准的 supervisor API 获取，代码未硬编码未见联系人。,取凭据、登录新应用、查询关系类型跨越多个阶段。,phone 登录用户名应为手机号；纠正传入邮箱，不能获得后续所需令牌。,参考公开 AppWorld 登录说明与附件 A37 的成功手机号登录；应按实际版本复核。Oracle 理由中的“8 人”未被代码使用。,3886,audit_items.md 本项可见 API/上下文 ; https://neurips.cc/media/neurips-2025/Slides/121528_lmjNn1F.pdf
A16,no,no,yes,tau2_retail,4,2747247837 已在订单商品详情中。,一次商品详情查询。,核查宠物床可选规格是合适的下一步。,,5282,https://raw.githubusercontent.com/sierra-research/tau2-bench/main/data/tau2/domains/retail/policy.md
A17,no,no,yes,appworld,7,各 library 变量和 ID 已知；后续详情经 API 实时获取，不算预先注入事实。,对三个已知来源做同一目的的批量详情收集，按一个代码步骤计。,可收集 song_records，为后续去重和 CSV 导出准备数据。,尚未去重不等于此步骤无效。show_song 多传 access_token 的兼容性取决于运行配置，严格额外参数检查下需重判 Q3。,5341,audit_items.md 本项可见 API/上下文 ; https://raw.githubusercontent.com/StonyBrookNLP/appworld/main/src/appworld/requester.py
A18,no,no,no,appworld,21,没有注入新的任务 ID 或事实；问题是接口名错误。,一次 API 文档查询。,已列出的 Todoist API 没有 move_task，该文档查询无法作为有效修正；移动应检查现有更新接口。,接口命名错误与 Q1 信息泄露区分。,6241,audit_items.md 本项可见 API/上下文
A19,no,no,no,tau2_retail,6,所用 SKU 已出现在历史里。,一次商品修改调用。,与 A11 相同：纠正替换了用户最近明确确认的耳机型号。,,7804,https://raw.githubusercontent.com/sierra-research/tau2-bench/main/data/tau2/domains/retail/policy.md
A20,no,no,yes,appworld,23,邮箱已知，密码通过 supervisor 获取；未硬编码新的联系人数据。,取凭据、登录、跨应用查联系人包含多个阶段。,phone 使用邮箱登录不合接口要求；page_limit=50 也超过 search_contacts 文档上限 20。,分页上限在附件中可核实，单凭该错误即可判 Q3=no。,7915,audit_items.md 本项可见 API/上下文 ; https://neurips.cc/media/neurips-2025/Slides/121528_lmjNn1F.pdf
A21,no,no,yes,tau2_airline,2,M20IZO 已在账户预订列表中。,一次详情查询。,可直接查询已知预订，无须再确认用户刚给出的身份。,Oracle 理由的额外确认要求不影响这次只读调用的合理性。,9062,https://raw.githubusercontent.com/sierra-research/tau2-bench/main/data/tau2/domains/airline/policy.md
A22,no,no,no,tau2_retail,8,W4219264 和目标地址均已见过，没有新的字面 ID 或地址。,一条确认消息。,在未查清哪个订单最新时，把确认目标从 W6729841 换成 W4219264，缺少可见证据支持。,边界项：消息尚未写入；若将其理解为开放式重新选单，可判 yes。本标注按其承接“最新订单”断言判 no，不能以 Oracle 所称 gold action 证明。,9106,https://raw.githubusercontent.com/sierra-research/tau2-bench/main/data/tau2/domains/retail/policy.md
A23,no,no,yes,tau2_retail,9,退货和换货的订单、商品和支付方式均已知。,同轮执行退货与换货两个写操作。,除违反单轮单工具外，用户明确要求先改邮箱，完成后再处理退换；纠正跳过前置条件。,,9191,https://raw.githubusercontent.com/sierra-research/tau2-bench/main/data/tau2/domains/retail/policy.md
A24,no,no,yes,appworld,13,internet 目录和访问令牌已知。,一次目录查询。,在账单目录中复查文件是可行的只读步骤。,不能据此认定五月 PDF 不需计入全年总额；Oracle 的该推断缺少依据。,9392,audit_items.md 本项可见 API/上下文
A25,no,no,yes,appworld,9,Inbox 项目 54 和令牌均已知。,一次读取并打印响应结构的诊断。,虽然尝试了不存在的 tasks 键，但 get 和 None 分支会安全打印实际响应及键名，作为结构诊断可执行。,可见 schema 使用 no_section_tasks/sections，Oracle 所称应读取 tasks 不成立；此代码尚未正确提取任务。,10045,audit_items.md 本项可见 API/上下文
A26,no,no,yes,tau2_retail,3,W5166363 已在用户订单列表中。,一次订单详情查询。,读取已知订单以定位商品合理。,,11082,https://raw.githubusercontent.com/sierra-research/tau2-bench/main/data/tau2/domains/retail/policy.md
A27,no,no,yes,tau2_retail,15,默认地址、行李箱型号和差价均已从资料及商品结果得到。,一条包含关联修改细节的确认消息。,明确询问是否同时改为已知默认地址，没有擅自写入；可在一次性商品修改前澄清地址。,用户尚未授权额外地址修改，但纠正只是请求确认。,11131,https://raw.githubusercontent.com/sierra-research/tau2-bench/main/data/tau2/domains/retail/policy.md
A28,no,yes,no,tau2_airline,7,五个预订及原支付方式均来自历史。,一次纠正包含五次预订写入。,必须逐次调用；且最近用户已选 credit_card_2929732，恢复各原付款方式前需澄清确认。,较早的原路退款偏好与最近支付确认冲突，不能默默替用户选择。,11289,https://raw.githubusercontent.com/sierra-research/tau2-bench/main/data/tau2/domains/airline/policy.md
A29,yes,no,yes,tau2_airline,4,LGA 及其作为纽约候选机场的映射未在此前步骤或已核对的搜索参数文档中出现。,一次直飞搜索。,按只使用已见事实/政策/API 文档的严格口径，应先调用机场列表核实 LGA 再搜索。,边界项：若实际工具 schema 已列机场映射，或允许通用地理知识，Q1/Q3 应改 no/yes。用户只说 New York，并未限定 JFK。,11587,https://raw.githubusercontent.com/sierra-research/tau2-bench/main/data/tau2/domains/airline/policy.md
A30,no,no,yes,tau2_retail,3,W5285031 已由用户资料返回。,一次订单详情查询。,查询最近订单以取得用户所指地址和商品信息合理。,,11658,https://raw.githubusercontent.com/sierra-research/tau2-bench/main/data/tau2/domains/retail/policy.md
A31,no,no,no,tau2_airline,12,订单号和行李数量已知；免费额度应按政策计算。,一次行李修改调用。,用户确认 2 件行李及 50 美元费用，纠正却设 nonfree_baggages=0；无依据把两件都免费。,Oracle 理由自己也指出应该是 1 件非免费，和代码的 0 矛盾。,11720,https://raw.githubusercontent.com/sierra-research/tau2-bench/main/data/tau2/domains/airline/policy.md
A32,no,no,yes,appworld,11,playlist_id=654 和 liked_songs 已定义，现有歌单详情可正常查询。,读取歌单、清空 84 首、再加入 11 首包含多个写入阶段。,按逐首 liked_songs 的任务解释，可修正尚未分享的现有歌单；无需引入未知 ID。,歌曲范围存在与 A02 相同的语义复核点；可只删多余曲目而不全部清空。,11898,audit_items.md 本项可见 API/上下文
A33,no,no,yes,tau2_airline,7,所有订票和乘客字段均已知。,一次订票调用。,与 A13 相同，使用已授权的账户生日和已确认凭证可执行。,,12896,https://raw.githubusercontent.com/sierra-research/tau2-bench/main/data/tau2/domains/airline/policy.md
A34,no,no,yes,tau2_retail,9,订单号及 Houston 地址已由历史订单给出。,一条确认消息。,step 8 后订单为 pending (item modified)，按政策不可再改订单；纠正继续承诺改其配送地址不可兑现。,单独修改账户默认地址仍可考虑；附件政策版本未提供，此项按公开上游状态规则。,13074,https://raw.githubusercontent.com/sierra-research/tau2-bench/main/data/tau2/domains/retail/policy.md
A35,no,no,yes,appworld,21,goal_tasks、completed_ids、to_minutes 和令牌已有定义。,针对剩余任务集中读文档和详情，按一次同目的诊断计。,可读取未完成任务的时长和所属项目，为重新计算剩余时间提供依据。,Oracle 提到的“应移动 10 项”未写入纠正代码，不计为 Q1 新信息。,13234,audit_items.md 本项可见 API/上下文
A36,no,no,no,appworld,17,无新的任务 ID 或数据，错误在 API 名。,一次文档查询。,Todoist 已公开接口列表没有 search_tasks，无法查询该不存在接口；应查看 show_tasks。,,14804,audit_items.md 本项可见 API/上下文
A37,no,yes,yes,appworld,17,liked_songs 和访问令牌均已存在，新 ID 来自创建 API。,另建歌单并逐首填充是多阶段写入。,step 16 已把旧歌单 654 发给丈夫，纠正另建第二个歌单且只打印 ID，既未修复已分享对象，也制造重复结果。,应优先修正原歌单；若把创建替代歌单视为后续清理/重发流程的第一部分，Q3 存在边界。,16526,audit_items.md 本项可见 API/上下文
A38,no,no,yes,appworld,24,四个文件路径和账单字段已在 step 4、7 出现。,批量读取并计算同一类账单小计，是一个分析步骤。,可以得到一至四月已读账单小计 368；纠正只打印中间结果，未向用户声称这是全年总额。,五月 PDF 仍未核算，不能沿用 Oracle 的理由把 368 当作全年完整答案。,17855,audit_items.md 本项可见 API/上下文
A39,no,yes,no,tau2_airline,5,四段航班号和日期已有预订详情支持。,同轮四次航班状态查询。,查询方向合理，但违反 tau2 单轮单工具要求，应拆分。,政策版本复核项，与 A10/A51 使用同一单步口径。,19366,https://raw.githubusercontent.com/sierra-research/tau2-bench/main/data/tau2/domains/airline/policy.md
A40,no,no,yes,appworld,31,五月 PDF 路径、年份和目录已知。,一次针对缺失月份的只读检查，包含文件与目录两个关联读取。,检查未计入的五月文件及对应目录可作为下一步。,多次重复检查的效率低，但没有据此捏造五月金额或宣称已完成。,19501,audit_items.md 本项可见 API/上下文
A41,no,no,yes,appworld,7,ID 来自已读 library，名称应经 API 查询，不是硬编码的新事实。,针对三类 library 批量构造歌曲映射，按一个数据收集步骤计。,show_album 的 songs 元素提供 artist_ids，代码直接读取 song['artists'] 会失败；按标题作唯一键还可能合并不同歌曲。,与 A17 的同一历史应保持 Q1/Q2 一致，但 Q3 因实际字段访问不同而不同。,21398,audit_items.md 本项可见 API/上下文
A42,no,yes,no,tau2_airline,6,五个预订、航班和付款信息都已获得。,同轮五次降舱写入。,单个降舱操作已有确认，但五次调用应按政策分成五轮。,若实际评测版本允许多工具同轮，应重新审视 Q3；此表采用公开上游政策。,22306,https://raw.githubusercontent.com/sierra-research/tau2-bench/main/data/tau2/domains/airline/policy.md
A43,no,no,yes,tau2_airline,7,生日及订票参数在此前对话和账户资料里。,一次订票调用。,与 A13/A33 相同，乘客资料使用已获用户许可，支付方案已确认。,,22585,https://raw.githubusercontent.com/sierra-research/tau2-bench/main/data/tau2/domains/airline/policy.md
A44,no,no,yes,tau2_retail,3,W4967593 已在账户列表中。,一次订单详情查询。,与 A07 相同，读取该已知订单合理。,,22763,https://raw.githubusercontent.com/sierra-research/tau2-bench/main/data/tau2/domains/retail/policy.md
A45,no,no,yes,tau2_airline,5,三个预订 ID 都已出现。,一次纠正直接取消三个预订。,缺少逐项列明细节后的用户确认，且普通经济舱的取消资格尚未充分满足；同时违反单轮单工具规则。,不要把用户最初“取消所有未来预订”当成对最终筛选方案的明确确认。,22811,https://raw.githubusercontent.com/sierra-research/tau2-bench/main/data/tau2/domains/airline/policy.md
A46,no,no,no,tau2_retail,9,订单号和新地址都来自历史。,一次地址修改调用。,订单已为 pending (item modified)，不可再调用 pending 订单地址修改。,与 A34/A58 同一订单状态；默认地址能否修改是另一问题。,22935,https://raw.githubusercontent.com/sierra-research/tau2-bench/main/data/tau2/domains/retail/policy.md
A47,no,yes,yes,tau2_airline,6,全部预订和支付字段已知。,同轮五次降舱写入。,与 A42 相同，确认并不免除单轮单工具约束。,依赖公开上游政策；具体版本应复核。,23108,https://raw.githubusercontent.com/sierra-research/tau2-bench/main/data/tau2/domains/airline/policy.md
A48,no,no,yes,tau2_airline,3,消息未引入新 ID、金额或事实。,一条索要预订号的澄清消息。,向用户确认目标预订号可以作为下一步，虽然账户中已经有 K1NW8N 可直接查询。,Oracle 声称预订号不可用并不准确，但冗余澄清本身不等于无效。,23387,https://raw.githubusercontent.com/sierra-research/tau2-bench/main/data/tau2/domains/airline/policy.md
A49,yes,no,no,tau2_airline,4,LGA 在此前可见上下文中未出现，搜索文档也未提供该城市映射。,一次直飞搜索。,采用与 A29 相同的严格信息来源口径，需先查机场映射。,若允许通用机场知识或原始 schema 已列 LGA，Q1/Q3 应改 no/yes。,23442,https://raw.githubusercontent.com/sierra-research/tau2-bench/main/data/tau2/domains/airline/policy.md
A50,no,no,yes,tau2_retail,6,转交摘要仅使用已知退款诉求及用户的人工请求。,一次转人工调用。,用户明确要求人工处理无法按指定方式完成的退款诉求，可转交。,,23513,https://raw.githubusercontent.com/sierra-research/tau2-bench/main/data/tau2/domains/retail/policy.md
A51,no,no,yes,tau2_airline,5,四段航班信息已由预订详情给出。,同轮四次状态查询。,与 A10/A39 一致，应拆成单次调用逐步核实。,依赖公开上游单轮单工具政策。,23603,https://raw.githubusercontent.com/sierra-research/tau2-bench/main/data/tau2/domains/airline/policy.md
A52,no,no,yes,tau2_retail,3,W2890441 已在用户资料的订单列表中。,一次订单详情查询。,利用已知订单列表读取详情合理。,,23738,https://raw.githubusercontent.com/sierra-research/tau2-bench/main/data/tau2/domains/retail/policy.md
A53,no,no,yes,appworld,6,昨天笔记、日期、内容、tags 和 pinned 均已获得。,一次创建今日笔记调用。,复制已知属性并把今日打卡状态重置，符合用户习惯记录请求。,,23785,audit_items.md 本项可见 API/上下文
A54,no,no,yes,appworld,7,刚建笔记 ID 3084 已由 step 6 返回，昨天笔记的 pinned=true 已知。,一次笔记更新。,修正遗漏的置顶属性，保留新笔记内容，是合适的局部修复。,,24034,audit_items.md 本项可见 API/上下文
A55,yes,no,no,tau2_airline,0,开场只有出行请求，noah_muller_9847 尚未由用户或工具提供。,一次账户查询。,直接使用未见用户 ID 读取账户，且跳过政策要求的向用户索取身份步骤。,明确的信息注入案例。,24299,https://raw.githubusercontent.com/sierra-research/tau2-bench/main/data/tau2/domains/airline/policy.md
A56,no,no,yes,tau2_airline,11,延误、乘客及用户拒绝改签/取消均来自历史，资格限制来自政策。,一条说明补偿条件的消息。,延误补偿要求先满足变更/取消流程；用户已明确拒绝，停止无依据的凭证承诺合理。,,24339,https://raw.githubusercontent.com/sierra-research/tau2-bench/main/data/tau2/domains/airline/policy.md
A57,no,no,yes,tau2_airline,7,原航班、经济舱票价和信用卡都已知。,一次保留航班的升舱调用。,同航班升舱技术上可行，但已知需先支付 396 美元，最近用户仍限定费用 100 美元，应先澄清价差与上限再扣款。,边界项：若 100 美元仅指独立改签手续费、用户已接受 396 美元价差，可改判 yes；对话没有消除该歧义。,24465,https://raw.githubusercontent.com/sierra-research/tau2-bench/main/data/tau2/domains/airline/policy.md
A58,no,no,no,tau2_retail,9,地址和订单 ID 已见过。,一次订单地址修改。,与 A46 相同，商品修改后 pending (item modified) 状态禁止再次修改订单。,政策版本复核项。,24619,https://raw.githubusercontent.com/sierra-research/tau2-bench/main/data/tau2/domains/retail/policy.md
A59,yes,no,yes,tau2_airline,4,新增 LGA 机场代码及纽约映射没有前文或已核对文档支持。,一次搜索。,按与 A29/A49 一致的严格来源口径，应先核实机场列表。,Oracle 说用户只接受 JFK 不符开场；本项不是据此判无效。通用地理知识口径不同会改变 Q1/Q3。,24792,https://raw.githubusercontent.com/sierra-research/tau2-bench/main/data/tau2/domains/airline/policy.md
A60,no,no,no,tau2_retail,7,三个订单号已在用户账户列表中。,同轮三个 get_order_details 调用。,查订单以更新配送地址的方向合理，但须遵守单轮一次工具调用规则。,这里尚未发生订单写入；Q3=no 仅针对一次提交三个查询的形式。,24863,https://raw.githubusercontent.com/sierra-research/tau2-bench/main/data/tau2/domains/retail/policy.md
