id,domain,step,Q1_information,Q2_scope,Q3_valid
A01,appworld,6,no,no,yes
A02,appworld,12,no,no,yes
A03,appworld,5,no,no,yes
A04,tau2_airline,2,no,no,yes
A05,tau2_retail,6,no,no,no
A06,tau2_retail,9,no,no,no
A07,tau2_retail,3,no,no,yes
A08,tau2_retail,11,no,no,yes
A09,tau2_retail,7,no,no,yes
A10,tau2_airline,5,no,no,no
A11,tau2_retail,6,no,no,yes
A12,appworld,10,no,no,yes
A13,tau2_airline,7,no,no,yes
A14,appworld,7,no,no,yes
A15,appworld,29,no,yes,yes
A16,tau2_retail,4,no,no,yes
A17,appworld,7,no,no,yes
A18,appworld,21,no,no,no
A19,tau2_retail,6,no,no,no
A20,appworld,23,no,no,yes
A21,tau2_airline,2,no,no,yes
A22,tau2_retail,8,no,no,no
A23,tau2_retail,9,no,no,yes
A24,appworld,13,no,no,yes
A25,appworld,9,no,no,yes
A26,tau2_retail,3,no,no,yes
A27,tau2_retail,15,no,no,yes
A28,tau2_airline,7,no,yes,no
A29,tau2_airline,4,yes,no,yes
A30,tau2_retail,3,no,no,yes
A31,tau2_airline,12,no,no,no
A32,appworld,11,no,no,yes
A33,tau2_airline,7,no,no,yes
A34,tau2_retail,9,no,no,yes
A35,appworld,21,no,no,yes
A36,appworld,17,no,no,no
A37,appworld,17,no,yes,yes
A38,appworld,24,no,no,yes
A39,tau2_airline,5,no,yes,no
A40,appworld,31,no,no,yes
A41,appworld,7,no,no,yes
A42,tau2_airline,6,no,yes,no
A43,tau2_airline,7,no,no,yes
A44,tau2_retail,3,no,no,yes
A45,tau2_airline,5,no,no,yes
A46,tau2_retail,9,no,no,no
A47,tau2_airline,6,no,yes,yes
A48,tau2_airline,3,no,no,yes
A49,tau2_airline,4,yes,no,no
A50,tau2_retail,6,no,no,yes
A51,tau2_airline,5,no,no,yes
A52,tau2_retail,3,no,no,yes
A53,appworld,6,no,no,yes
A54,appworld,7,no,no,yes
A55,tau2_airline,0,yes,no,no
A56,tau2_airline,11,no,no,yes
A57,tau2_airline,7,no,no,yes
A58,tau2_retail,9,no,no,no
A59,tau2_airline,4,yes,no,yes
A60,tau2_retail,7,no,no,no
