id,Q1_information,Q2_scope,Q3_valid
A01,no,no,yes
A02,no,yes,yes
A03,no,no,no
A04,no,no,yes
A05,no,no,no
A06,no,no,no
A07,no,no,yes
A08,no,no,no
A09,no,no,yes
A10,no,yes,no
A11,no,no,no
A12,no,no,yes
A13,no,no,yes
A14,no,no,yes
A15,no,yes,no
A16,no,no,yes
A17,no,no,yes
A18,no,no,no
A19,no,no,no
A20,no,yes,no
A21,no,no,yes
A22,no,no,no
A23,no,yes,no
A24,no,no,yes
A25,no,no,yes
A26,no,no,yes
A27,no,no,yes
A28,no,yes,no
A29,yes,no,no
A30,no,no,yes
A31,no,no,no
A32,no,yes,yes
A33,no,no,yes
A34,no,no,no
A35,no,no,yes
A36,no,no,no
A37,no,yes,no
A38,no,no,yes
A39,no,yes,no
A40,no,no,yes
A41,no,no,no
A42,no,yes,no
A43,no,no,yes
A44,no,no,yes
A45,no,yes,no
A46,no,no,no
A47,no,yes,no
A48,no,no,yes
A49,yes,no,no
A50,no,no,yes
A51,no,yes,no
A52,no,no,yes
A53,no,no,yes
A54,no,no,yes
A55,yes,no,no
A56,no,no,yes
A57,no,no,no
A58,no,no,no
A59,yes,no,no
A60,no,yes,no
